id;""datafile_id"";""client_id"";""mailing_id"";""mailing_name"";""mailing_date"";""subject"";""sent"";""delivered"";""opened"";""clicked"";""bounced"";""purchased"";""currency"";""open_rate"";""click_rate"";""delivery_rate"";""subject_length"";""word_count"";""word_length"";""created_at"";""channel_type"";""header"";""body"";""link"";""segment"";;;;;;;;;;;;;;;
1626300;""1747"";""292"";NULL;""amazon.com"";""2012-09-28 00:00:00"";""Half Off Boudoir Photo Shoot - Colorado Springs"";""80705"";""80705"";""3228"";NULL;NULL;NULL;NULL;""3.9997521"";""0"";""100"";""40"";""8"";""5"";""2016-10-07 08:41:35"";""1"";NULL;NULL;NULL;NULL",,,,,,,,,,,,,,,,,;;;;;;;;;;;;;;;
1626301;""1747"";""292"";NULL;""amazon.com"";""2012-08-12 00:00:00"";""Half Off Zumba Classes - Buffalo"";""79501"";""76186"";""3314"";NULL;NULL;NULL;NULL;""4.3498805"";""0"";""95.8302411"";""27"";""6"";""4.5"";""2016-10-07 08:41:35"";""1"";NULL;NULL;NULL;NULL",,,,,,,,,,,,,,,,,;;;;;;;;;;;;;;;
1626302;""1747"";""292"";NULL;""amazon.com"";""2012-08-13 00:00:00"";""88% Off Dental Package with Whitening - Buffalo"";""79451"";""76138"";""6624"";NULL;NULL;NULL;NULL;""8.6999921"";""0"";""95.8301342"";""40"";""8"";""5"";""2016-10-07 08:41:35"";""1"";NULL;NULL;NULL;NULL",,,,,,,,,,,,,,,,,;;;;;;;;;;;;;;;
1626303;""1747"";""292"";NULL;""amazon.com"";""2012-08-13 00:00:00"";""Up to 67% Off """"Glee"""""";""79451"";""79451"";""6618"";NULL;NULL;NULL;NULL;""8.3296623"";""0"";""100"";""16"";""5"";""3.2"";""2016-10-07 08:41:35"";""1"";NULL;NULL;NULL;NULL",,,,,,,,,,,,,,,,,;;;;;;;;;;;;;;;
1626304;""1747"";""292"";NULL;""amazon.com"";""2012-08-06 00:00:00"";""57% Off Select """"Jesse Stone"""" DVDs"";""79414"";""79414"";""16542"";NULL;NULL;NULL;NULL;""20.8300803"";""0"";""100"";""28"";""6"";""4.666666666"";""2016-10-07 08:41:35"";""1"";NULL;NULL;NULL;NULL",,,,,,,,,,,,,,,,,;;;;;;;;;;;;;;;
1626305;""1747"";""292"";NULL;""amazon.com"";""2012-08-05 00:00:00"";""20% Off Your Next Clothing Purchase"";""79373"";""76063"";""29764"";NULL;NULL;NULL;NULL;""39.1307205"";""0"";""95.8298161"";""30"";""6"";""5"";""2016-10-07 08:41:35"";""1"";NULL;NULL;NULL;NULL",,,,,,,,,,,,,,,,,;;;;;;;;;;;;;;;
1626306;""1747"";""292"";NULL;""amazon.com"";""2012-08-14 00:00:00"";""Half Off Chocolate Tasting or Drinks - Seattle"";""79310"";""76003"";""3306"";NULL;NULL;NULL;NULL;""4.3498282"";""0"";""95.8302862"";""39"";""8"";""4.875"";""2016-10-07 08:41:35"";""1"";NULL;NULL;NULL;NULL",,,,,,,,,,,,,,,,,;;;;;;;;;;;;;;;
1626307;""1747"";""292"";NULL;""amazon.com"";""2012-07-01 00:00:00"";""Buy a PS Vita"," Get """"Escape Plan"""" Free"";""79276"";""79276"";""9910"";NULL;NULL;NULL;NULL;""12.5006307"";""0"";""100"";""30"";""8"";""3.75"";""2016-10-07 08:41:35"";""1"";NULL;NULL;NULL;NULL",,,,,,,,,,,,,,,,;;;;;;;;;;;;;;;
1626308;""1747"";""292"";NULL;""amazon.com"";""2012-07-30 00:00:00"";""Leave Packaging Feedback for your recent purchases at Amazon.com"";""79266"";""75961"";""29723"";NULL;NULL;NULL;NULL;""39.12929"";""0"";""95.8304947"";""56"";""9"";""6.222222222"";""2016-10-07 08:41:35"";""1"";NULL;NULL;NULL;NULL",,,,,,,,,,,,,,,,,;;;;;;;;;;;;;;;
1626309;""1747"";""292"";NULL;""amazon.com"";""2012-08-07 00:00:00"";""Invicta Watches Weekly Deal"";""79231"";""79231"";""23112"";NULL;NULL;NULL;NULL;""29.1704004"";""0"";""100"";""24"";""4"";""6"";""2016-10-07 08:41:35"";""1"";NULL;NULL;NULL;NULL",,,,,,,,,,,,,,,,,;;;;;;;;;;;;;;;
1626310;""1747"";""292"";NULL;""amazon.com"";""2012-08-07 00:00:00"";""Thanks for Visiting Amazon.com Gift Cards"";""79231"";""79231"";""19808"";NULL;NULL;NULL;NULL;""25.0003155"";""0"";""100"";""36"";""6"";""6"";""2016-10-07 08:41:35"";""1"";NULL;NULL;NULL;NULL",,,,,,,,,,,,,,,,,;;;;;;;;;;;;;;;
1626311;""1747"";""292"";NULL;""amazon.com"";""2012-08-07 00:00:00"";""Minimalist Running Shoes | New Balance Minimus"";""79231"";""79231"";""9904"";NULL;NULL;NULL;NULL;""12.5001577"";""0"";""100"";""40"";""7"";""5.714285714"";""2016-10-07 08:41:35"";""1"";NULL;NULL;NULL;NULL",,,,,,,,,,,,,,,,,;;;;;;;;;;;;;;;
1626312;""1747"";""292"";NULL;""amazon.com"";""2012-08-11 00:00:00"";""New Savings on Coffee & Tea"";""79218"";""75915"";""16504"";NULL;NULL;NULL;NULL;""21.740104"";""0"";""95.830493"";""22"";""6"";""3.666666666"";""2016-10-07 08:41:35"";""1"";NULL;NULL;NULL;NULL",,,,,,,,,,,,,,,,,;;;;;;;;;;;;;;;
1626313;""1747"";""292"";NULL;""amazon.com"";""2012-07-23 00:00:00"";""87% Off Dental Exam", Cleaning," and X-Rays - West Valley"";""79205"";""75902"";""6603"";NULL;NULL;NULL;NULL;""8.6993755"";""0"";""95.8298087"";""46"";""10"";""4.6"";""2016-10-07 08:41:35"";""1"";NULL;NULL;NULL;NULL",,,,,,,,,,,,,,,;;;;;;;;;;;;;;;
1626314;""1747"";""292"";NULL;""amazon.com"";""2012-07-02 00:00:00"";""Cosmopolitan Magazine | Paddle Board Rental | and 1 more - Westside / South Bay"";""79201"";""79201"";""3303"";NULL;NULL;NULL;NULL;""4.1704018"";""0"";""100"";""65"";""15"";""4.333333333"";""2016-10-07 08:41:35"";""1"";NULL;NULL;NULL;NULL",,,,,,,,,,,,,,,,,;;;;;;;;;;;;;;;
1626315;""1747"";""292"";NULL;""amazon.com"";""2012-07-02 00:00:00"";""Cosmopolitan Magazine | Comedy Musical Ticket - NYC - Upper West Side"";""79201"";""79201"";""3303"";NULL;NULL;NULL;NULL;""4.1704018"";""0"";""100"";""58"";""12"";""4.833333333"";""2016-10-07 08:41:35"";""1"";NULL;NULL;NULL;NULL",,,,,,,,,,,,,,,,,;;;;;;;;;;;;;;;
1626316;""1747"";""292"";NULL;""amazon.com"";""2012-08-04 00:00:00"";""Pre-order """"Dark Shadows"""" on DVD and Blu-ray"";""79115"";""75816"";""16482"";NULL;NULL;NULL;NULL;""21.7394745"";""0"";""95.8301207"";""37"";""7"";""5.285714285"";""2016-10-07 08:41:35"";""1"";NULL;NULL;NULL;NULL",,,,,,,,,,,,,,,,,;;;;;;;;;;;;;;;
1626317;""1747"";""292"";NULL;""amazon.com"";""2012-08-04 00:00:00"";""Our Newest Pre-orders on DVD and Blu-ray"";""79115"";""79115"";""9889"";NULL;NULL;NULL;NULL;""12.499526"";""0"";""100"";""34"";""7"";""4.857142857"";""2016-10-07 08:41:35"";""1"";NULL;NULL;NULL;NULL",,,,,,,,,,,,,,,,,;;;;;;;;;;;;;;;
1626318;""1747"";""292"";NULL;""amazon.com"";""2012-08-19 00:00:00"";""Women's Contemporary Shop"";""79073"";""79073"";""13181"";NULL;NULL;NULL;NULL;""16.6694067"";""0"";""100"";""23"";""3"";""7.666666666"";""2016-10-07 08:41:35"";""1"";NULL;NULL;NULL;NULL",,,,,,,,,,,,,,,,,;;;;;;;;;;;;;;;
1626319;""1747"";""292"";NULL;""amazon.com"";""2012-08-19 00:00:00"";""Half Off Teas and Spices - Buffalo"";""79073"";""75776"";""3296"";NULL;NULL;NULL;NULL;""4.3496621"";""0"";""95.8304351"";""28"";""7"";""4"";""2016-10-07 08:41:35"";""1"";NULL;NULL;NULL;NULL",,,,,,,,,,,,,,,,,;;;;;;;;;;;;;;;
1626320;""1747"";""292"";NULL;""amazon.com"";""2012-08-15 00:00:00"";""Your Amazon.com Inquiry"";""79064"";""79064"";""46118"";NULL;NULL;NULL;NULL;""58.3299605"";""0"";""100"";""21"";""3"";""7"";""2016-10-07 08:41:35"";""1"";NULL;NULL;NULL;NULL",,,,,,,,,,,,,,,,,;;;;;;;;;;;;;;;
1626321;""1747"";""292"";NULL;""amazon.com"";""2012-08-20 00:00:00"";""Amazon.com has shipped the item you sold"";""79056"";""79056"";""9882"";NULL;NULL;NULL;NULL;""12.5"";""0"";""100"";""34"";""7"";""4.857142857"";""2016-10-07 08:41:35"";""1"";NULL;NULL;NULL;NULL",,,,,,,,,,,,,,,,,;;;;;;;;;;;;;;;
1626322;""1747"";""292"";NULL;""amazon.com"";""2012-08-20 00:00:00"";""Half Off Food & Drink at Greek to Me Restaurant - Buffalo"";""79056"";""75759"";""6591"";NULL;NULL;NULL;NULL;""8.6999564"";""0"";""95.8295385"";""46"";""12"";""3.833333333"";""2016-10-07 08:41:35"";""1"";NULL;NULL;NULL;NULL",,,,,,,,,,,,,,,,,;;;;;;;;;;;;;;;
1626323;""1747"";""292"";NULL;""amazon.com"";""2012-08-10 00:00:00"";""Robeks | Grilling Class - Ventura County"";""79052"";""75756"";""3295"";NULL;NULL;NULL;NULL;""4.3494904"";""0"";""95.8305925"";""34"";""7"";""4.857142857"";""2016-10-07 08:41:35"";""1"";NULL;NULL;NULL;NULL",,,,,,,,,,,,,,,,,;;;;;;;;;;;;;;;
1626324;""1747"";""292"";NULL;""amazon.com"";""2012-08-10 00:00:00"";""$10 Off $70 | Kids' School Shoes"";""79052"";""79052"";""3296"";NULL;NULL;NULL;NULL;""4.1694074"";""0"";""100"";""26"";""7"";""3.714285714"";""2016-10-07 08:41:35"";""1"";NULL;NULL;NULL;NULL",,,,,,,,,,,,,,,,,;;;;;;;;;;;;;;;
1626325;""1747"";""292"";NULL;""amazon.com"";""2012-07-24 00:00:00"";""Thanks for Claiming Your Amazon.com Gift Card"";""79048"";""75752"";""16468"";NULL;NULL;NULL;NULL;""21.73936"";""0"";""95.8303815"";""39"";""7"";""5.571428571"";""2016-10-07 08:41:35"";""1"";NULL;NULL;NULL;NULL",,,,,,,,,,,,,,,,,;;;;;;;;;;;;;;;
1626326;""1747"";""292"";NULL;""amazon.com"";""2012-09-03 00:00:00"";""Half Off Salon Package - West Valley"";""79030"";""75734"";""6589"";NULL;NULL;NULL;NULL;""8.7001874"";""0"";""95.8294318"";""30"";""7"";""4.285714285"";""2016-10-07 08:41:35"";""1"";NULL;NULL;NULL;NULL",,,,,,,,,,,,,,,,,;;;;;;;;;;;;;;;
1626327;""1747"";""292"";NULL;""amazon.com"";""2012-07-21 00:00:00"";""Half Off Us Weekly Subscription - Tucson"";""79015"";""79015"";""9877"";NULL;NULL;NULL;NULL;""12.5001581"";""0"";""100"";""34"";""7"";""4.857142857"";""2016-10-07 08:41:35"";""1"";NULL;NULL;NULL;NULL",,,,,,,,,,,,,,,,,;;;;;;;;;;;;;;;
1626328;""1747"";""292"";NULL;""amazon.com"";""2012-08-16 00:00:00"";""Italian Fare | Puget Sound Getaway - Seattle"";""79011"";""75716"";""6587"";NULL;NULL;NULL;NULL;""8.6996143"";""0"";""95.8296945"";""37"";""8"";""4.625"";""2016-10-07 08:41:35"";""1"";NULL;NULL;NULL;NULL",,,,,,,,,,,,,,,,,;;;;;;;;;;;;;;;
1626329;""1747"";""292"";NULL;""amazon.com"";""2012-08-16 00:00:00"";""Six Sessions of Laser Hair Removal | Closet Cleanse - NYC - Upper East Side"";""79011"";""79011"";""6582"";NULL;NULL;NULL;NULL;""8.3304856"";""0"";""100"";""61"";""15"";""4.066666666"";""2016-10-07 08:41:35"";""1"";NULL;NULL;NULL;NULL",,,,,,,,,,,,,,,,,;;;;;;;;;;;;;;;
1626330;""1747"";""292"";NULL;""amazon.com"";""2012-08-16 00:00:00"";""64% Off Metal Photo Print - Tucson"";""79011"";""79011"";""3295"";NULL;NULL;NULL;NULL;""4.1703054"";""0"";""100"";""28"";""7"";""4"";""2016-10-07 08:41:35"";""1"";NULL;NULL;NULL;NULL",,,,,,,,,,,,,,,,,;;;;;;;;;;;;;;;
1626331;""1747"";""292"";NULL;""amazon.com"";""2012-07-28 00:00:00"";""$6 Each for Popular Science and Popular Mechanics"";""78986"";""75692"";""9870"";NULL;NULL;NULL;NULL;""13.0396871"";""0"";""95.8296406"";""42"";""8"";""5.25"";""2016-10-07 08:41:35"";""1"";NULL;NULL;NULL;NULL",,,,,,,,,,,,,,,,,;;;;;;;;;;;;;;;
1626332;""1747"";""292"";NULL;""amazon.com"";""2012-08-17 00:00:00"";""Your Amazon.com Inquiry"";""78986"";""78986"";""23040"";NULL;NULL;NULL;NULL;""29.1697262"";""0"";""100"";""21"";""3"";""7"";""2016-10-07 08:41:35"";""1"";NULL;NULL;NULL;NULL",,,,,,,,,,,,,,,,,;;;;;;;;;;;;;;;
1626333;""1747"";""292"";NULL;""amazon.com"";""2012-08-17 00:00:00"";""Half Off Food & Drink at The Roaming Buffalo - Buffalo"";""78986"";""75692"";""13163"";NULL;NULL;NULL;NULL;""17.3902129"";""0"";""95.8296406"";""44"";""11"";""4"";""2016-10-07 08:41:35"";""1"";NULL;NULL;NULL;NULL",,,,,,,,,,,,,,,,,;;;;;;;;;;;;;;;
1626334;""1747"";""292"";NULL;""amazon.com"";""2012-08-17 00:00:00"";""69% or More Off Teeth Whitening - Tucson"";""78986"";""78986"";""13167"";NULL;NULL;NULL;NULL;""16.6700427"";""0"";""100"";""33"";""8"";""4.125"";""2016-10-07 08:41:35"";""1"";NULL;NULL;NULL;NULL",,,,,,,,,,,,,,,,,;;;;;;;;;;;;;;;
1626335;""1747"";""292"";NULL;""amazon.com"";""2012-08-17 00:00:00"";""66% Off Bartending Certification Course - Seattle"";""78986"";""75692"";""3293"";NULL;NULL;NULL;NULL;""4.3505258"";""0"";""95.8296406"";""43"";""7"";""6.142857142"";""2016-10-07 08:41:35"";""1"";NULL;NULL;NULL;NULL",,,,,,,,,,,,,,,,,;;;;;;;;;;;;;;;
1626336;""1747"";""292"";NULL;""amazon.com"";""2012-07-03 00:00:00"";""Your Amazon.com Inquiry"";""78967"";""78967"";""29613"";NULL;NULL;NULL;NULL;""37.5004748"";""0"";""100"";""21"";""3"";""7"";""2016-10-07 08:41:35"";""1"";NULL;NULL;NULL;NULL",,,,,,,,,,,,,,,,,;;;;;;;;;;;;;;;
1626337;""1747"";""292"";NULL;""amazon.com"";""2012-07-03 00:00:00"";""Half Off Food & Drink at Billy's Gourmet Hot Dogs - Denver"";""78967"";""62518"";""3288"";NULL;NULL;NULL;NULL;""5.2592853"";""0"";""79.1697797"";""47"";""12"";""3.916666666"";""2016-10-07 08:41:35"";""1"";NULL;NULL;NULL;NULL",,,,,,,,,,,,,,,,,;;;;;;;;;;;;;;;
1626338;""1747"";""292"";NULL;""amazon.com"";""2012-07-03 00:00:00"";""Best-Selling Android Phones"";""78967"";""78967"";""3293"";NULL;NULL;NULL;NULL;""4.1700963"";""0"";""100"";""25"";""3"";""8.333333333"";""2016-10-07 08:41:35"";""1"";NULL;NULL;NULL;NULL",,,,,,,,,,,,,,,,,;;;;;;;;;;;;;;;
1626339;""1747"";""292"";NULL;""amazon.com"";""2012-08-18 00:00:00"";""Newest in Diapering Products"";""78949"";""78949"";""9869"";NULL;NULL;NULL;NULL;""12.5004749"";""0"";""100"";""25"";""4"";""6.25"";""2016-10-07 08:41:35"";""1"";NULL;NULL;NULL;NULL",,,,,,,,,,,,,,,,,;;;;;;;;;;;;;;;
1626340;""1747"";""292"";NULL;""amazon.com"";""2012-08-18 00:00:00"";""$3 Off at Amazon MP3 - Buffalo"";""78949"";""75657"";""6582"";NULL;NULL;NULL;NULL;""8.6997898"";""0"";""95.8302195"";""24"";""7"";""3.428571428"";""2016-10-07 08:41:35"";""1"";NULL;NULL;NULL;NULL",,,,,,,,,,,,,,,,,;;;;;;;;;;;;;;;
1626341;""1747"";""292"";NULL;""amazon.com"";""2012-08-18 00:00:00"";""$3 Off at Amazon MP3 - Utah County"";""78949"";""78949"";""3292"";NULL;NULL;NULL;NULL;""4.1697804"";""0"";""100"";""27"";""8"";""3.375"";""2016-10-07 08:41:35"";""1"";NULL;NULL;NULL;NULL",,,,,,,,,,,,,,,,,;;;;;;;;;;;;;;;
1626342;""1747"";""292"";NULL;""amazon.com"";""2012-08-03 00:00:00"";""Motorola Unlocked and No-Contract Phones"";""78901"";""78901"";""23015"";NULL;NULL;NULL;NULL;""29.1694655"";""0"";""100"";""36"";""5"";""7.2"";""2016-10-07 08:41:35"";""1"";NULL;NULL;NULL;NULL",,,,,,,,,,,,,,,,,;;;;;;;;;;;;;;;
1626343;""1747"";""292"";NULL;""amazon.com"";""2012-08-03 00:00:00"";""Half or More Off Salon Services"";""78901"";""78901"";""3290"";NULL;NULL;NULL;NULL;""4.1697823"";""0"";""100"";""26"";""6"";""4.333333333"";""2016-10-07 08:41:35"";""1"";NULL;NULL;NULL;NULL",,,,,,,,,,,,,,,,,;;;;;;;;;;;;;;;
1626344;""1747"";""292"";NULL;""amazon.com"";""2012-09-04 00:00:00"";""86% Off Spin Classes - Boston - Metrowest"";""78871"";""78871"";""6570"";NULL;NULL;NULL;NULL;""8.3300579"";""0"";""100"";""34"";""8"";""4.25"";""2016-10-07 08:41:35"";""1"";NULL;NULL;NULL;NULL",,,,,,,,,,,,,,,,,;;;;;;;;;;;;;;;
1626345;""1747"";""292"";NULL;""amazon.com"";""2012-07-09 00:00:00"";""Half Off Food & Drink at Cafe Jenna - Arlington / Alexandria"";""78866"";""65719"";""6572"";NULL;NULL;NULL;NULL;""10.0001521"";""0"";""83.329952"";""49"";""12"";""4.083333333"";""2016-10-07 08:41:35"";""1"";NULL;NULL;NULL;NULL",,,,,,,,,,,,,,,,,;;;;;;;;;;;;;;;
1626346;""1747"";""292"";NULL;""amazon.com"";""2012-07-09 00:00:00"";""The Bean | Wine & Tapas - NYC - Downtown"";""78866"";""78866"";""6570"";NULL;NULL;NULL;NULL;""8.330586"";""0"";""100"";""31"";""10"";""3.1"";""2016-10-07 08:41:35"";""1"";NULL;NULL;NULL;NULL",,,,,,,,,,,,,,,,,;;;;;;;;;;;;;;;
1626347;""1747"";""292"";NULL;""amazon.com"";""2012-07-09 00:00:00"";""Two-Thirds or More Off Chiropractic or Acupuncture Packages - Denver"";""78866"";""59150"";""3289"";NULL;NULL;NULL;NULL;""5.5604395"";""0"";""75.0006339"";""59"";""10"";""5.9"";""2016-10-07 08:41:35"";""1"";NULL;NULL;NULL;NULL",,,,,,,,,,,,,,,,,;;;;;;;;;;;;;;;
1626348;""1747"";""292"";NULL;""amazon.com"";""2012-08-21 00:00:00"";""Half Off Food & Drink at Plum Bistro - Seattle"";""78856"";""75568"";""6574"";NULL;NULL;NULL;NULL;""8.6994495"";""0"";""95.8303743"";""37"";""10"";""3.7"";""2016-10-07 08:41:35"";""1"";NULL;NULL;NULL;NULL",,,,,,,,,,,,,,,,,;;;;;;;;;;;;;;;
1626349;""1747"";""292"";NULL;""amazon.com"";""2012-08-02 00:00:00"";""82% Off Massages"";""78827"";""78827"";""3287"";NULL;NULL;NULL;NULL;""4.169891"";""0"";""100"";""14"";""3"";""4.666666666"";""2016-10-07 08:41:35"";""1"";NULL;NULL;NULL;NULL",,,,,,,,,,,,,,,,,;;;;;;;;;;;;;;;
1626350;""1747"";""292"";NULL;""amazon.com"";""2012-07-25 00:00:00"";""$30 to Spend on Okabashi Shoes - West Valley"";""78820"";""75533"";""6571"";NULL;NULL;NULL;NULL;""8.6995088"";""0"";""95.8297386"";""36"";""9"";""4"";""2016-10-07 08:41:35"";""1"";NULL;NULL;NULL;NULL",,,,,,,,,,,,,,,,,;;;;;;;;;;;;;;;
1626351;""1747"";""292"";NULL;""amazon.com"";""2012-07-25 00:00:00"";""$30 to Spend on Fresh Summer Flowers - Bellevue/Eastside"";""78820"";""75533"";""6571"";NULL;NULL;NULL;NULL;""8.6995088"";""0"";""95.8297386"";""48"";""9"";""5.333333333"";""2016-10-07 08:41:35"";""1"";NULL;NULL;NULL;NULL",,,,,,,,,,,,,,,,,;;;;;;;;;;;;;;;
1626352;""1747"";""292"";NULL;""amazon.com"";""2012-07-20 00:00:00"";""Half Off Two Acupuncture Sessions"";""78805"";""78805"";""9851"";NULL;NULL;NULL;NULL;""12.5004758"";""0"";""100"";""29"";""5"";""5.8"";""2016-10-07 08:41:35"";""1"";NULL;NULL;NULL;NULL",,,,,,,,,,,,,,,,,;;;;;;;;;;;;;;;
1626353;""1747"";""292"";NULL;""amazon.com"";""2012-08-28 00:00:00"";""Richard Castle's New Book"";""78793"";""78793"";""13135"";NULL;NULL;NULL;NULL;""16.6702625"";""0"";""100"";""22"";""4"";""5.5"";""2016-10-07 08:41:35"";""1"";NULL;NULL;NULL;NULL",,,,,,,,,,,,,,,,,;;;;;;;;;;;;;;;
1626354;""1747"";""292"";NULL;""amazon.com"";""2012-08-28 00:00:00"";""Over Half Off Gluten-Free Food - West Valley"";""78793"";""78793"";""6563"";NULL;NULL;NULL;NULL;""8.3294201"";""0"";""100"";""37"";""8"";""4.625"";""2016-10-07 08:41:35"";""1"";NULL;NULL;NULL;NULL",,,,,,,,,,,,,,,,,;;;;;;;;;;;;;;;
1626355;""1747"";""292"";NULL;""amazon.com"";""2012-08-28 00:00:00"";""Half Off Food & Drink at Arigato - Rochester"";""78793"";""78793"";""6563"";NULL;NULL;NULL;NULL;""8.3294201"";""0"";""100"";""36"";""9"";""4"";""2016-10-07 08:41:35"";""1"";NULL;NULL;NULL;NULL",,,,,,,,,,,,,,,,,;;;;;;;;;;;;;;;
1626356;""1747"";""292"";NULL;""amazon.com"";""2012-08-28 00:00:00"";""$119 to Spend on Gallery-Wrapped Canvas - Tucson"";""78793"";""78793"";""3286"";NULL;NULL;NULL;NULL;""4.1704212"";""0"";""100"";""41"";""8"";""5.125"";""2016-10-07 08:41:35"";""1"";NULL;NULL;NULL;NULL",,,,,,,,,,,,,,,,,;;;;;;;;;;;;;;;
1626357;""1747"";""292"";NULL;""amazon.com"";""2012-07-26 00:00:00"";""Up to 60% Off Select Sandals | Men and Women"";""78787"";""72224"";""9851"";NULL;NULL;NULL;NULL;""13.6395104"";""0"";""91.6699455"";""35"";""10"";""3.5"";""2016-10-07 08:41:35"";""1"";NULL;NULL;NULL;NULL",,,,,,,,,,,,,,,,,;;;;;;;;;;;;;;;
1626358;""1747"";""292"";NULL;""amazon.com"";""2012-07-26 00:00:00"";""Half Off Acupuncture - Tucson"";""78787"";""78787"";""9848"";NULL;NULL;NULL;NULL;""12.499524"";""0"";""100"";""25"";""5"";""5"";""2016-10-07 08:41:35"";""1"";NULL;NULL;NULL;NULL",,,,,,,,,,,,,,,,,;;;;;;;;;;;;;;;
1626359;""1747"";""292"";NULL;""amazon.com"";""2012-07-26 00:00:00"";""Two-Night Stay in Las Vegas | Pest Control - West Valley"";""78787"";""78787"";""6563"";NULL;NULL;NULL;NULL;""8.3300544"";""0"";""100"";""46"";""11"";""4.181818181"";""2016-10-07 08:41:35"";""1"";NULL;NULL;NULL;NULL",,,,,,,,,,,,,,,,,;;;;;;;;;;;;;;;
1626360;""1747"";""292"";NULL;""amazon.com"";""2012-07-26 00:00:00"";""Two-Night Stay in Las Vegas | Massage Services - San Jose"";""78787"";""78787"";""6563"";NULL;NULL;NULL;NULL;""8.3300544"";""0"";""100"";""47"";""11"";""4.272727272"";""2016-10-07 08:41:35"";""1"";NULL;NULL;NULL;NULL",,,,,,,,,,,,,,,,,;;;;;;;;;;;;;;;
1626361;""1747"";""292"";NULL;""amazon.com"";""2012-07-26 00:00:00"";""75 Off """"Borderlands 2"""" Pre-order"";""78787"";""78787"";""3285"";NULL;NULL;NULL;NULL;""4.1694695"";""0"";""100"";""53"";""10"";""5.3"";""2016-10-07 08:41:35"";""1"";NULL;NULL;NULL;NULL",,,,,,,,,,,,,,,,,;;;;;;;;;;;;;;;
1626362;""1747"";""292"";NULL;""amazon.com"";""2012-09-09 00:00:00"";""61% Off Videotape-to-DVD Transfer  - West Valley"";""78786"";""75501"";""9845"";NULL;NULL;NULL;NULL;""13.0395623"";""0"";""95.8304774"";""41"";""8"";""5.125"";""2016-10-07 08:41:35"";""1"";NULL;NULL;NULL;NULL",,,,,,,,,,,,,,,,,;;;;;;;;;;;;;;;
1626363;""1747"";""292"";NULL;""amazon.com"";""2012-09-09 00:00:00"";""61% Off Videotape-to-DVD Transfer  - Utah County"";""78786"";""78786"";""3285"";NULL;NULL;NULL;NULL;""4.1695225"";""0"";""100"";""41"";""8"";""5.125"";""2016-10-07 08:41:35"";""1"";NULL;NULL;NULL;NULL",,,,,,,,,,,,,,,,,;;;;;;;;;;;;;;;
1626364;""1747"";""292"";NULL;""amazon.com"";""2012-09-01 00:00:00"";""One-Year Subscription to Rolling Stone - Tucson"";""78779"";""78779"";""3285"";NULL;NULL;NULL;NULL;""4.1698929"";""0"";""100"";""41"";""7"";""5.857142857"";""2016-10-07 08:41:35"";""1"";NULL;NULL;NULL;NULL",,,,,,,,,,,,,,,,,;;;;;;;;;;;;;;;
1626365;""1747"";""292"";NULL;""amazon.com"";""2012-09-01 00:00:00"";""One-Year Subscription to Rolling Stone - Boston - Metrowest"";""78779"";""78779"";""3285"";NULL;NULL;NULL;NULL;""4.1698929"";""0"";""100"";""51"";""9"";""5.666666666"";""2016-10-07 08:41:35"";""1"";NULL;NULL;NULL;NULL",,,,,,,,,,,,,,,,,;;;;;;;;;;;;;;;
1626366;""1747"";""292"";NULL;""amazon.com"";""2012-07-16 00:00:00"";""July Top Patio & Garden Deals"";""78773"";""78773"";""9847"";NULL;NULL;NULL;NULL;""12.500476"";""0"";""100"";""24"";""6"";""4"";""2016-10-07 08:41:35"";""1"";NULL;NULL;NULL;NULL",,,,,,,,,,,,,,,,,;;;;;;;;;;;;;;;
1626367;""1747"";""292"";NULL;""amazon.com"";""2012-08-01 00:00:00"";""Amazon Appstore: Weekly Deals and New Releases"";""78762"";""78762"";""29536"";NULL;NULL;NULL;NULL;""37.5003174"";""0"";""100"";""40"";""7"";""5.714285714"";""2016-10-07 08:41:35"";""1"";NULL;NULL;NULL;NULL",,,,,,,,,,,,,,,,,;;;;;;;;;;;;;;;
1626368;""1747"";""292"";NULL;""amazon.com"";""2012-08-01 00:00:00"";""Half Off Food & Drink at Taco Time"";""78762"";""78762"";""6561"";NULL;NULL;NULL;NULL;""8.3301592"";""0"";""100"";""27"";""8"";""3.375"";""2016-10-07 08:41:35"";""1"";NULL;NULL;NULL;NULL",,,,,,,,,,,,,,,,,;;;;;;;;;;;;;;;
1626369;""1747"";""292"";NULL;""amazon.com"";""2012-08-01 00:00:00"";""Playtime for Toddlers"";""78762"";""75478"";""3283"";NULL;NULL;NULL;NULL;""4.3496118"";""0"";""95.8304766"";""19"";""3"";""6.333333333"";""2016-10-07 08:41:35"";""1"";NULL;NULL;NULL;NULL",,,,,,,,,,,,,,,,,;;;;;;;;;;;;;;;
1626370;""1747"";""292"";NULL;""amazon.com"";""2012-09-10 00:00:00"";""Boot Camp | Taco Del Mar - Tacoma"";""78741"";""75458"";""9840"";NULL;NULL;NULL;NULL;""13.0403668"";""0"";""95.8306346"";""26"";""8"";""3.25"";""2016-10-07 08:41:35"";""1"";NULL;NULL;NULL;NULL",,,,,,,,,,,,,,,,,;;;;;;;;;;;;;;;
1626371;""1747"";""292"";NULL;""amazon.com"";""2012-09-10 00:00:00"";""73% Off Yoga Classes - Boston - Metrowest"";""78741"";""78741"";""6559"";NULL;NULL;NULL;NULL;""8.3298408"";""0"";""100"";""34"";""8"";""4.25"";""2016-10-07 08:41:35"";""1"";NULL;NULL;NULL;NULL",,,,,,,,,,,,,,,,,;;;;;;;;;;;;;;;
1626372;""1747"";""292"";NULL;""amazon.com"";""2012-09-10 00:00:00"";""74% Off Hour-Long Massage Package - Colorado Springs"";""78741"";""78741"";""3283"";NULL;NULL;NULL;NULL;""4.1693653"";""0"";""100"";""45"";""8"";""5.625"";""2016-10-07 08:41:35"";""1"";NULL;NULL;NULL;NULL",,,,,,,,,,,,,,,,,;;;;;;;;;;;;;;;
1626373;""1747"";""292"";NULL;""amazon.com"";""2012-07-17 00:00:00"";""65% or More Off Framed Canvas Print - West Valley"";""78674"";""75393"";""3280"";NULL;NULL;NULL;NULL;""4.3505365"";""0"";""95.829626"";""40"";""10"";""4"";""2016-10-07 08:41:35"";""1"";NULL;NULL;NULL;NULL",,,,,,,,,,,,,,,,,;;;;;;;;;;;;;;;
1626374;""1747"";""292"";NULL;""amazon.com"";""2012-07-05 00:00:00"";""Elegant Snakeskin | Pour La Victoire", Boutique 9," and More"";""78604"";""78604"";""13103"";NULL;NULL;NULL;NULL;""16.6696351"";""0"";""100"";""49"";""10"";""4.9"";""2016-10-07 08:41:35"";""1"";NULL;NULL;NULL;NULL",,,,,,,,,,,,,,,;;;;;;;;;;;;;;;
1626375;""1747"";""292"";NULL;""amazon.com"";""2012-08-23 00:00:00"";""New White Samsung Galaxy Tab 2 Student Edition Bundle"";""78578"";""75301"";""13095"";NULL;NULL;NULL;NULL;""17.3902073"";""0"";""95.8296215"";""45"";""9"";""5"";""2016-10-07 08:41:35"";""1"";NULL;NULL;NULL;NULL",,,,,,,,,,,,,,,,,;;;;;;;;;;;;;;;
1626376;""1747"";""292"";NULL;""amazon.com"";""2012-08-23 00:00:00"";""Painting Class | Orlando-Area Getaway - Atlanta"";""78578"";""78578"";""6546"";NULL;NULL;NULL;NULL;""8.3305759"";""0"";""100"";""41"";""7"";""5.857142857"";""2016-10-07 08:41:35"";""1"";NULL;NULL;NULL;NULL",,,,,,,,,,,,,,,,,;;;;;;;;;;;;;;;
1626377;""1747"";""292"";NULL;""amazon.com"";""2012-08-23 00:00:00"";""Diet and Nutrition Program | GroundLink Car Service - NYC - Upper East Side"";""78578"";""78578"";""6546"";NULL;NULL;NULL;NULL;""8.3305759"";""0"";""100"";""62"";""14"";""4.428571428"";""2016-10-07 08:41:35"";""1"";NULL;NULL;NULL;NULL",,,,,,,,,,,,,,,,,;;;;;;;;;;;;;;;
1626378;""1747"";""292"";NULL;""amazon.com"";""2012-08-31 00:00:00"";""Half or More Off Corn Maze - Utah County"";""78572"";""78572"";""9822"";NULL;NULL;NULL;NULL;""12.5006363"";""0"";""100"";""32"";""9"";""3.555555555"";""2016-10-07 08:41:35"";""1"";NULL;NULL;NULL;NULL",,,,,,,,,,,,,,,,,;;;;;;;;;;;;;;;
1626379;""1747"";""292"";NULL;""amazon.com"";""2012-08-31 00:00:00"";""60% Off Gallery-Wrapped Canvas - Boston - Metrowest"";""78572"";""78572"";""9822"";NULL;NULL;NULL;NULL;""12.5006363"";""0"";""100"";""44"";""8"";""5.5"";""2016-10-07 08:41:35"";""1"";NULL;NULL;NULL;NULL",,,,,,,,,,,,,,,,,;;;;;;;;;;;;;;;
1626380;""1747"";""292"";NULL;""amazon.com"";""2012-08-22 00:00:00"";""Half Off Miniature Golf or Go Karting - Buffalo"";""78562"";""75286"";""6550"";NULL;NULL;NULL;NULL;""8.7001567"";""0"";""95.830045"";""39"";""9"";""4.333333333"";""2016-10-07 08:41:35"";""1"";NULL;NULL;NULL;NULL",,,,,,,,,,,,,,,,,;;;;;;;;;;;;;;;
1626381;""1747"";""292"";NULL;""amazon.com"";""2012-09-11 00:00:00"";""Amazon.co.jpã€€FBAæ³¨æ–‡ã®å•†å“ç™ºé€ã®ãŠçŸ¥ã‚‰ã›"";""78528"";""78528"";""35989"";NULL;NULL;NULL;NULL;""45.829513"";""0"";""100"";""105"";""1"";""105"";""2016-10-07 08:41:35"";""1"";NULL;NULL;NULL;NULL",,,,,,,,,,,,,,,,,;;;;;;;;;;;;;;;
1626382;""1747"";""292"";NULL;""amazon.com"";""2012-09-11 00:00:00"";""Trick or Treat | Halloween Costumes", Candy," and More"";""78528"";""75253"";""19634"";NULL;NULL;NULL;NULL;""26.0906541"";""0"";""95.829513"";""44"";""9"";""4.888888888"";""2016-10-07 08:41:35"";""1"";NULL;NULL;NULL;NULL",,,,,,,,,,,,,,,;;;;;;;;;;;;;;;
1626383;""1747"";""292"";NULL;""amazon.com"";""2012-09-11 00:00:00"";""Orange Julius | Salon Services - Tacoma"";""78528"";""75253"";""6547"";NULL;NULL;NULL;NULL;""8.6999853"";""0"";""95.829513"";""33"";""7"";""4.714285714"";""2016-10-07 08:41:35"";""1"";NULL;NULL;NULL;NULL",,,,,,,,,,,,,,,,,;;;;;;;;;;;;;;;
1626384;""1747"";""292"";NULL;""amazon.com"";""2012-09-11 00:00:00"";""Half Off Admission or Membership to Artisan Works  - Rochester"";""78528"";""78528"";""6541"";NULL;NULL;NULL;NULL;""8.329513"";""0"";""100"";""52"";""11"";""4.727272727"";""2016-10-07 08:41:35"";""1"";NULL;NULL;NULL;NULL",,,,,,,,,,,,,,,,,;;;;;;;;;;;;;;;
1626385;""1747"";""292"";NULL;""amazon.com"";""2012-09-11 00:00:00"";""Half Off Boudoir Photo Package - Colorado Springs"";""78528"";""78528"";""3275"";NULL;NULL;NULL;NULL;""4.1704869"";""0"";""100"";""42"";""8"";""5.25"";""2016-10-07 08:41:35"";""1"";NULL;NULL;NULL;NULL",,,,,,,,,,,,,,,,,;;;;;;;;;;;;;;;
1626386;""1747"";""292"";NULL;""amazon.com"";""2012-08-30 00:00:00"";""FillaseatAustin Membership | Brazilian Blowout - Austin"";""78484"";""78484"";""13083"";NULL;NULL;NULL;NULL;""16.6696396"";""0"";""100"";""49"";""7"";""7"";""2016-10-07 08:41:35"";""1"";NULL;NULL;NULL;NULL",,,,,,,,,,,,,,,,,;;;;;;;;;;;;;;;
1626387;""1747"";""292"";NULL;""amazon.com"";""2012-08-29 00:00:00"";""Half Off at Babylon Gyros & Shish Kabobs - West Valley"";""78476"";""78476"";""9810"";NULL;NULL;NULL;NULL;""12.5006371"";""0"";""100"";""44"";""11"";""4"";""2016-10-07 08:41:35"";""1"";NULL;NULL;NULL;NULL",,,,,,,,,,,,,,,,,;;;;;;;;;;;;;;;
1626388;""1747"";""292"";NULL;""amazon.com"";""2012-08-29 00:00:00"";""Half Off Food & Drink at Cowboy Cafe - Arlington / Alexandria"";""78476"";""75204"";""6543"";NULL;NULL;NULL;NULL;""8.700335"";""0"";""95.8305724"";""50"";""12"";""4.166666666"";""2016-10-07 08:41:35"";""1"";NULL;NULL;NULL;NULL",,,,,,,,,,,,,,,,,;;;;;;;;;;;;;;;
1626389;""1747"";""292"";NULL;""amazon.com"";""2012-09-07 00:00:00"";""Amazon.com Password Assistance"";""78422"";""78422"";""32678"";NULL;NULL;NULL;NULL;""41.6694294"";""0"";""100"";""28"";""3"";""9.333333333"";""2016-10-07 08:41:35"";""1"";NULL;NULL;NULL;NULL",,,,,,,,,,,,,,,,,;;;;;;;;;;;;;;;
1626390;""1747"";""292"";NULL;""amazon.com"";""2012-09-07 00:00:00"";""Introducing the Boot Shop"";""78422"";""78422"";""13073"";NULL;NULL;NULL;NULL;""16.670067"";""0"";""100"";""22"";""4"";""5.5"";""2016-10-07 08:41:35"";""1"";NULL;NULL;NULL;NULL",,,,,,,,,,,,,,,,,;;;;;;;;;;;;;;;
1626391;""1747"";""292"";NULL;""amazon.com"";""2012-09-07 00:00:00"";""Luxury Resort Near Tucson | Auto Maintenance - Albuquerque"";""78422"";""78422"";""13073"";NULL;NULL;NULL;NULL;""16.670067"";""0"";""100"";""50"";""9"";""5.555555555"";""2016-10-07 08:41:35"";""1"";NULL;NULL;NULL;NULL",,,,,,,,,,,,,,,,,;;;;;;;;;;;;;;;
1626392;""1747"";""292"";NULL;""amazon.com"";""2012-09-07 00:00:00"";""68% Off Furnace and AC Safety Inspection and Tune-Up - Rochester"";""78422"";""75152"";""9800"";NULL;NULL;NULL;NULL;""13.0402384"";""0"";""95.8302517"";""54"";""11"";""4.909090909"";""2016-10-07 08:41:35"";""1"";NULL;NULL;NULL;NULL",,,,,,,,,,,,,,,,,;;;;;;;;;;;;;;;
1626393;""1747"";""292"";NULL;""amazon.com"";""2012-09-07 00:00:00"";""49% Off One-Night Stay at Luxury Resort Near Tucson - West Valley"";""78422"";""75152"";""9800"";NULL;NULL;NULL;NULL;""13.0402384"";""0"";""95.8302517"";""54"";""12"";""4.5"";""2016-10-07 08:41:35"";""1"";NULL;NULL;NULL;NULL",,,,,,,,,,,,,,,,,;;;;;;;;;;;;;;;
1626394;""1747"";""292"";NULL;""amazon.com"";""2012-09-07 00:00:00"";""Luxury Resort Near Tucson | Microdermabrasion/Massage - East Valley"";""78422"";""68619"";""6533"";NULL;NULL;NULL;NULL;""9.5206866"";""0"";""87.4996812"";""59"";""9"";""6.555555555"";""2016-10-07 08:41:35"";""1"";NULL;NULL;NULL;NULL",,,,,,,,,,,,,,,,,;;;;;;;;;;;;;;;
1626395;""1747"";""292"";NULL;""amazon.com"";""2012-09-07 00:00:00"";""Half Off Food & Drink at Rumbi Island - Boise"";""78422"";""78422"";""6533"";NULL;NULL;NULL;NULL;""8.3305705"";""0"";""100"";""36"";""10"";""3.6"";""2016-10-07 08:41:35"";""1"";NULL;NULL;NULL;NULL",,,,,,,,,,,,,,,,,;;;;;;;;;;;;;;;
1626396;""1747"";""292"";NULL;""amazon.com"";""2012-09-07 00:00:00"";""60% Off Orchestra Tickets - Boston - Metrowest"";""78422"";""78422"";""6533"";NULL;NULL;NULL;NULL;""8.3305705"";""0"";""100"";""39"";""8"";""4.875"";""2016-10-07 08:41:35"";""1"";NULL;NULL;NULL;NULL",,,,,,,,,,,,,,,,,;;;;;;;;;;;;;;;
1626397;""1747"";""292"";NULL;""amazon.com"";""2012-09-07 00:00:00"";""LASIK Eye Surgery | Porcelain Veneers - Atlanta"";""78422"";""78422"";""3270"";NULL;NULL;NULL;NULL;""4.1697482"";""0"";""100"";""40"";""8"";""5"";""2016-10-07 08:41:35"";""1"";NULL;NULL;NULL;NULL",,,,,,,,,,,,,,,,,;;;;;;;;;;;;;;;
1626398;""1747"";""292"";NULL;""amazon.com"";""2012-09-07 00:00:00"";""Half Off Black Light Mini Golf and Laser Tag - Utah County"";""78422"";""78422"";""3270"";NULL;NULL;NULL;NULL;""4.1697482"";""0"";""100"";""47"";""12"";""3.916666666"";""2016-10-07 08:41:35"";""1"";NULL;NULL;NULL;NULL",,,,,,,,,,,,,,,,,;;;;;;;;;;;;;;;
1626399;""1747"";""292"";NULL;""amazon.com"";""2012-07-11 00:00:00"";""Amazon.com Password Assistance"";""78419"";""78419"";""22875"";NULL;NULL;NULL;NULL;""29.1702266"";""0"";""100"";""28"";""3"";""9.333333333"";""2016-10-07 08:41:35"";""1"";NULL;NULL;NULL;NULL",,,,,,,,,,,,,,,,,;;;;;;;;;;;;;;;
1626400;""1747"";""292"";NULL;""amazon.com"";""2012-07-11 00:00:00"";""Summer Clearance: up to 80% off select jewelry"";""78419"";""78419"";""9802"";NULL;NULL;NULL;NULL;""12.4995217"";""0"";""100"";""39"";""8"";""4.875"";""2016-10-07 08:41:35"";""1"";NULL;NULL;NULL;NULL",,,,,,,,,,,,,,,,,;;;;;;;;;;;;;;;
1626401;""1747"";""292"";NULL;""amazon.com"";""2012-07-11 00:00:00"";""Rite Aid Online Store | Salon Services - Los Angeles"";""78419"";""78419"";""3270"";NULL;NULL;NULL;NULL;""4.1699078"";""0"";""100"";""43"";""10"";""4.3"";""2016-10-07 08:41:35"";""1"";NULL;NULL;NULL;NULL",,,,,,,,,,,,,,,,,;;;;;;;;;;;;;;;
1626402;""1747"";""292"";NULL;""amazon.com"";""2012-07-11 00:00:00"";""Rite Aid Online Store | Meson European Restaurant - San Antonio"";""78419"";""78419"";""3270"";NULL;NULL;NULL;NULL;""4.1699078"";""0"";""100"";""53"";""11"";""4.818181818"";""2016-10-07 08:41:35"";""1"";NULL;NULL;NULL;NULL",,,,,,,,,,,,,,,,,;;;;;;;;;;;;;;;
1626403;""1747"";""292"";NULL;""amazon.com"";""2012-09-06 00:00:00"";""71% Off Kettlebell Classes - Albuquerque"";""78415"";""78415"";""13072"";NULL;NULL;NULL;NULL;""16.6702799"";""0"";""100"";""35"";""6"";""5.833333333"";""2016-10-07 08:41:35"";""1"";NULL;NULL;NULL;NULL",,,,,,,,,,,,,,,,,;;;;;;;;;;;;;;;
1626404;""1747"";""292"";NULL;""amazon.com"";""2012-09-06 00:00:00"";""$15 to Spend on Paint-Your-Own Pottery - Rochester"";""78415"";""75145"";""9799"";NULL;NULL;NULL;NULL;""13.0401224"";""0"";""95.8298794"";""43"";""8"";""5.375"";""2016-10-07 08:41:35"";""1"";NULL;NULL;NULL;NULL",,,,,,,,,,,,,,,,,;;;;;;;;;;;;;;;
1626405;""1747"";""292"";NULL;""amazon.com"";""2012-09-16 00:00:00"";""Free Grocery Delivery From AmazonFresh - Seattle"";""78368"";""75100"";""9793"";NULL;NULL;NULL;NULL;""13.0399467"";""0"";""95.8299305"";""42"";""7"";""6"";""2016-10-07 08:41:35"";""1"";NULL;NULL;NULL;NULL",,,,,,,,,,,,,,,,,;;;;;;;;;;;;;;;
1626406;""1747"";""292"";NULL;""amazon.com"";""2012-07-13 00:00:00"";""Amazon.com: One-Day Sale on the Philips Sonicare HealthyWhite Rechargeable Electric Toothbrush"";""78355"";""78355"";""19589"";NULL;NULL;NULL;NULL;""25.000319"";""0"";""100"";""84"";""11"";""7.636363636"";""2016-10-07 08:41:35"";""1"";NULL;NULL;NULL;NULL",,,,,,,,,,,,,,,,,;;;;;;;;;;;;;;;
1626407;""1747"";""292"";NULL;""amazon.com"";""2012-07-13 00:00:00"";""Half Off Tickets to Rodney Atkins Concert"";""78355"";""78355"";""9794"";NULL;NULL;NULL;NULL;""12.4995214"";""0"";""100"";""35"";""7"";""5"";""2016-10-07 08:41:35"";""1"";NULL;NULL;NULL;NULL",,,,,,,,,,,,,,,,,;;;;;;;;;;;;;;;
1626408;""1747"";""292"";NULL;""amazon.com"";""2012-07-13 00:00:00"";""Save on Select MP3 Players and Accessories"";""78355"";""78355"";""6527"";NULL;NULL;NULL;NULL;""8.3300363"";""0"";""100"";""36"";""7"";""5.142857142"";""2016-10-07 08:41:35"";""1"";NULL;NULL;NULL;NULL",,,,,,,,,,,,,,,,,;;;;;;;;;;;;;;;
1626409;""1747"";""292"";NULL;""amazon.com"";""2012-07-13 00:00:00"";""Half Off Three Car Washes - Tucson"";""78355"";""78355"";""3267"";NULL;NULL;NULL;NULL;""4.169485"";""0"";""100"";""28"";""7"";""4"";""2016-10-07 08:41:35"";""1"";NULL;NULL;NULL;NULL",,,,,,,,,,,,,,,,,;;;;;;;;;;;;;;;
1626410;""1747"";""292"";NULL;""amazon.com"";""2012-09-17 00:00:00"";""Over Half Off Customized iPhone or iPad Cases - West Valley"";""78309"";""75044"";""3264"";NULL;NULL;NULL;NULL;""4.3494483"";""0"";""95.8306197"";""49"";""11"";""4.454545454"";""2016-10-07 08:41:35"";""1"";NULL;NULL;NULL;NULL",,,,,,,,,,,,,,,,,;;;;;;;;;;;;;;;
1626411;""1747"";""292"";NULL;""amazon.com"";""2012-09-12 00:00:00"";""84% Off Tattoo Removal - West Valley"";""78235"";""74973"";""13038"";NULL;NULL;NULL;NULL;""17.3902604"";""0"";""95.8305106"";""30"";""7"";""4.285714285"";""2016-10-07 08:41:35"";""1"";NULL;NULL;NULL;NULL",,,,,,,,,,,,,,,,,;;;;;;;;;;;;;;;
1626412;""1747"";""292"";NULL;""amazon.com"";""2012-09-12 00:00:00"";""Half Off Pilates Reformer Classes - South Jersey"";""78235"";""74973"";""6523"";NULL;NULL;NULL;NULL;""8.7004655"";""0"";""95.8305106"";""41"";""8"";""5.125"";""2016-10-07 08:41:35"";""1"";NULL;NULL;NULL;NULL",,,,,,,,,,,,,,,,,;;;;;;;;;;;;;;;
1626413;""1747"";""292"";NULL;""amazon.com"";""2012-09-12 00:00:00"";""Haircut and Color | Four Nights in Mexico - Central Jersey"";""78235"";""78235"";""6517"";NULL;NULL;NULL;NULL;""8.3300313"";""0"";""100"";""48"";""11"";""4.363636363"";""2016-10-07 08:41:35"";""1"";NULL;NULL;NULL;NULL",,,,,,,,,,,,,,,,,;;;;;;;;;;;;;;;
1626414;""1747"";""292"";NULL;""amazon.com"";""2012-09-15 00:00:00"";""$90 to Spend on Photo-to-Canvas Prints - Rochester"";""78204"";""78204"";""9776"";NULL;NULL;NULL;NULL;""12.5006393"";""0"";""100"";""43"";""8"";""5.375"";""2016-10-07 08:41:35"";""1"";NULL;NULL;NULL;NULL",,,,,,,,,,,,,,,,,;;;;;;;;;;;;;;;
1626415;""1747"";""292"";NULL;""amazon.com"";""2012-09-13 00:00:00"";""Keep Your iPad Connected Anywhere"";""78196"";""78196"";""35837"";NULL;NULL;NULL;NULL;""45.8297099"";""0"";""100"";""29"";""5"";""5.8"";""2016-10-07 08:41:35"";""1"";NULL;NULL;NULL;NULL",,,,,,,,,,,,,,,,,;;;;;;;;;;;;;;;
1626416;""1747"";""292"";NULL;""amazon.com"";""2012-09-13 00:00:00"";""Half Off Spa Services - Rochester"";""78196"";""78196"";""6514"";NULL;NULL;NULL;NULL;""8.3303493"";""0"";""100"";""28"";""6"";""4.666666666"";""2016-10-07 08:41:35"";""1"";NULL;NULL;NULL;NULL",,,,,,,,,,,,,,,,,;;;;;;;;;;;;;;;
1626417;""1747"";""292"";NULL;""amazon.com"";""2012-09-14 00:00:00"";""Half Off Auto Detail - Utah County"";""78126"";""78126"";""13024"";NULL;NULL;NULL;NULL;""16.6705066"";""0"";""100"";""28"";""7"";""4"";""2016-10-07 08:41:35"";""1"";NULL;NULL;NULL;NULL",,,,,,,,,,,,,,,,,;;;;;;;;;;;;;;;
1626418;""1747"";""292"";NULL;""amazon.com"";""2012-09-14 00:00:00"";""One Night in Scottsdale Area | Chiropractic Services - West Valley"";""78126"";""74868"";""6514"";NULL;NULL;NULL;NULL;""8.7006464"";""0"";""95.8298133"";""56"";""11"";""5.09090909"";""2016-10-07 08:41:35"";""1"";NULL;NULL;NULL;NULL",,,,,,,,,,,,,,,,,;;;;;;;;;;;;;;;
1626419;""1747"";""292"";NULL;""amazon.com"";""2012-09-18 00:00:00"";""Levi's | New Fits and Finishes for Fall"";""78121"";""74863"";""13019"";NULL;NULL;NULL;NULL;""17.3904331"";""0"";""95.8295464"";""32"";""8"";""4"";""2016-10-07 08:41:35"";""1"";NULL;NULL;NULL;NULL",,,,,,,,,,,,,,,,,;;;;;;;;;;;;;;;
1626420;""1747"";""292"";NULL;""amazon.com"";""2012-09-18 00:00:00"";""Review your recent purchase at Amazon.com"";""78121"";""78121"";""9765"";NULL;NULL;NULL;NULL;""12.4998399"";""0"";""100"";""36"";""6"";""6"";""2016-10-07 08:41:35"";""1"";NULL;NULL;NULL;NULL",,,,,,,,,,,,,,,,,;;;;;;;;;;;;;;;
1626421;""1747"";""292"";NULL;""amazon.com"";""2012-09-18 00:00:00"";""Half Off Food & Drink at Carlton Express - Rochester"";""78121"";""78121"";""3258"";NULL;NULL;NULL;NULL;""4.1704535"";""0"";""100"";""43"";""10"";""4.3"";""2016-10-07 08:41:35"";""1"";NULL;NULL;NULL;NULL",,,,,,,,,,,,,,,,,;;;;;;;;;;;;;;;
1626422;""1747"";""292"";NULL;""amazon.com"";""2012-09-18 00:00:00"";""Half Off Food & Drink at Brooklyn's Finest Pizza & Restaurant - Staten Island"";""78121"";""78121"";""3258"";NULL;NULL;NULL;NULL;""4.1704535"";""0"";""100"";""64"";""14"";""4.571428571"";""2016-10-07 08:41:35"";""1"";NULL;NULL;NULL;NULL",,,,,,,,,,,,,,,,,;;;;;;;;;;;;;;;
1626423;""1747"";""292"";NULL;""amazon.com"";""2012-09-24 00:00:00"";""Jess Lourey's New Book"";""77997"";""77997"";""19499"";NULL;NULL;NULL;NULL;""24.9996794"";""0"";""100"";""19"";""4"";""4.75"";""2016-10-07 08:41:35"";""1"";NULL;NULL;NULL;NULL",,,,,,,,,,,,,,,,,;;;;;;;;;;;;;;;
1626424;""1747"";""292"";NULL;""amazon.com"";""2012-09-24 00:00:00"";""Half Off Meal for Two at Tomasso Trattoria - Boston - Metrowest"";""77997"";""77997"";""3252"";NULL;NULL;NULL;NULL;""4.1693911"";""0"";""100"";""52"";""12"";""4.333333333"";""2016-10-07 08:41:35"";""1"";NULL;NULL;NULL;NULL",,,,,,,,,,,,,,,,,;;;;;;;;;;;;;;;
1626425;""1747"";""292"";NULL;""amazon.com"";""2012-09-24 00:00:00"";""76% Off Acupuncture Treatment - Colorado Springs"";""77997"";""77997"";""3252"";NULL;NULL;NULL;NULL;""4.1693911"";""0"";""100"";""42"";""7"";""6"";""2016-10-07 08:41:35"";""1"";NULL;NULL;NULL;NULL",,,,,,,,,,,,,,,,,;;;;;;;;;;;;;;;
1626426;""1747"";""292"";NULL;""amazon.com"";""2012-09-22 00:00:00"";""Our Newest Pre-orders on DVD and Blu-ray"";""77874"";""77874"";""16221"";NULL;NULL;NULL;NULL;""20.8298019"";""0"";""100"";""34"";""7"";""4.857142857"";""2016-10-07 08:41:35"";""1"";NULL;NULL;NULL;NULL",,,,,,,,,,,,,,,,,;;;;;;;;;;;;;;;
1626427;""1747"";""292"";NULL;""amazon.com"";""2012-09-19 00:00:00"";""New Men's Boots", Oxfords, and More | Diesel, a.testoni," and Others"";""77861"";""77861"";""3247"";NULL;NULL;NULL;NULL;""4.1702521"";""0"";""100"";""56"";""11"";""5.09090909"";""2016-10-07 08:41:35"";""1"";NULL;NULL;NULL;NULL",,,,,,,,,,,,,;;;;;;;;;;;;;;;
1626428;""1747"";""292"";NULL;""amazon.com"";""2012-09-25 00:00:00"";""Half Off Acupuncture - Boston - Metrowest"";""77781"";""77781"";""3243"";NULL;NULL;NULL;NULL;""4.1693986"";""0"";""100"";""35"";""7"";""5"";""2016-10-07 08:41:35"";""1"";NULL;NULL;NULL;NULL",,,,,,,,,,,,,,,,,;;;;;;;;;;;;;;;
1626429;""1747"";""292"";NULL;""amazon.com"";""2012-09-25 00:00:00"";""$100 or $150 to Spend on Window Tinting - Rochester"";""77781"";""77781"";""3243"";NULL;NULL;NULL;NULL;""4.1693986"";""0"";""100"";""42"";""10"";""4.2"";""2016-10-07 08:41:35"";""1"";NULL;NULL;NULL;NULL",,,,,,,,,,,,,,,,,;;;;;;;;;;;;;;;
1626430;""1747"";""292"";NULL;""amazon.com"";""2012-09-30 00:00:00"";""This Week: New Bargains"";""77779"";""77779"";""9722"";NULL;NULL;NULL;NULL;""12.4995178"";""0"";""100"";""20"";""4"";""5"";""2016-10-07 08:41:35"";""1"";NULL;NULL;NULL;NULL",,,,,,,,,,,,,,,,,;;;;;;;;;;;;;;;
1626431;""1747"";""292"";NULL;""amazon.com"";""2012-09-20 00:00:00"";""Car Washes | Spa Services - San Fernando Valley"";""77765"";""71287"";""3244"";NULL;NULL;NULL;NULL;""4.5506193"";""0"";""91.6697743"";""39"";""9"";""4.333333333"";""2016-10-07 08:41:35"";""1"";NULL;NULL;NULL;NULL",,,,,,,,,,,,,,,,,;;;;;;;;;;;;;;;
1626432;""1747"";""292"";NULL;""amazon.com"";""2012-09-21 00:00:00"";""Half Off Treats at Mia's Italian Ice - Utah County"";""77755"";""77755"";""9719"";NULL;NULL;NULL;NULL;""12.4995177"";""0"";""100"";""41"";""10"";""4.1"";""2016-10-07 08:41:35"";""1"";NULL;NULL;NULL;NULL",,,,,,,,,,,,,,,,,;;;;;;;;;;;;;;;
1626433;""1747"";""292"";NULL;""amazon.com"";""2012-09-21 00:00:00"";""Half Off Jewelry-Making Workshop - Boston - Metrowest"";""77755"";""77755"";""6477"";NULL;NULL;NULL;NULL;""8.3300109"";""0"";""100"";""46"";""8"";""5.75"";""2016-10-07 08:41:35"";""1"";NULL;NULL;NULL;NULL",,,,,,,,,,,,,,,,,;;;;;;;;;;;;;;;
1626434;""1747"";""292"";NULL;""amazon.com"";""2012-09-29 00:00:00"";""What Type of DIYer Are You?"";""77643"";""77643"";""25878"";NULL;NULL;NULL;NULL;""33.3294694"";""0"";""100"";""22"";""6"";""3.666666666"";""2016-10-07 08:41:35"";""1"";NULL;NULL;NULL;NULL",,,,,,,,,,,,,,,,,;;;;;;;;;;;;;;;
1626435;""1747"";""292"";NULL;""amazon.com"";""2012-09-29 00:00:00"";""60% or More Off Hardcover Leather Custom Photo Book - Rochester"";""77643"";""77643"";""3238"";NULL;NULL;NULL;NULL;""4.1703695"";""0"";""100"";""53"";""11"";""4.818181818"";""2016-10-07 08:41:35"";""1"";NULL;NULL;NULL;NULL",,,,,,,,,,,,,,,,,;;;;;;;;;;;;;;;
1626436;""1747"";""292"";NULL;""amazon.com"";""2012-09-26 00:00:00"";""Half Off Pumpkin Fest Tickets"";""77538"";""74305"";""3232"";NULL;NULL;NULL;NULL;""4.3496399"";""0"";""95.8304315"";""25"";""5"";""5"";""2016-10-07 08:41:35"";""1"";NULL;NULL;NULL;NULL",,,,,,,,,,,,,,,,,;;;;;;;;;;;;;;;
1626437;""1747"";""292"";NULL;""amazon.com"";""2012-09-26 00:00:00"";""73% Off Yoga Classes - Rochester"";""77538"";""77538"";""3233"";NULL;NULL;NULL;NULL;""4.1695684"";""0"";""100"";""27"";""6"";""4.5"";""2016-10-07 08:41:35"";""1"";NULL;NULL;NULL;NULL",,,,,,,,,,,,,,,,,;;;;;;;;;;;;;;;
1626438;""1747"";""292"";NULL;""amazon.com"";""2012-09-27 00:00:00"";""Windmill Bistro | SW Washington Getaway | and 1 more - Tacoma"";""77484"";""74253"";""6460"";NULL;NULL;NULL;NULL;""8.6999851"";""0"";""95.8301068"";""50"";""12"";""4.166666666"";""2016-10-07 08:41:35"";""1"";NULL;NULL;NULL;NULL",,,,,,,,,,,,,,,,,;;;;;;;;;;;;;;;
1626439;""1747"";""292"";NULL;""amazon.com"";""2012-09-27 00:00:00"";""Over Half Off Zumba Classes - Rochester"";""77484"";""77484"";""3231"";NULL;NULL;NULL;NULL;""4.1698931"";""0"";""100"";""33"";""7"";""4.714285714"";""2016-10-07 08:41:35"";""1"";NULL;NULL;NULL;NULL",,,,,,,,,,,,,,,,,;;;;;;;;;;;;;;;
1626440;""1747"";""292"";NULL;""amazon.com"";""2012-09-28 00:00:00"";""Half Off Food & Drink at Peaches Cafe - Rochester"";""77477"";""77477"";""6454"";NULL;NULL;NULL;NULL;""8.3302141"";""0"";""100"";""40"";""10"";""4"";""2016-10-07 08:41:35"";""1"";NULL;NULL;NULL;NULL",,,,,,,,,,,,,,,,,;;;;;;;;;;;;;;;
1626441;""1747"";""292"";NULL;""amazon.com"";""2012-09-28 00:00:00"";""Ocean-Front Maui Resort | Car Wash Package - San Diego - East County"";""77477"";""74246"";""3230"";NULL;NULL;NULL;NULL;""4.3504027"";""0"";""95.8297301"";""56"";""13"";""4.307692307"";""2016-10-07 08:41:35"";""1"";NULL;NULL;NULL;NULL",,,,,,,,,,,,,,,,,;;;;;;;;;;;;;;;
1626442;""1747"";""292"";NULL;""amazon.com"";""2012-08-13 00:00:00"";""Half Off Discover Scuba Class  - Utah County"";""76140"";""76140"";""3312"";NULL;NULL;NULL;NULL;""4.3498817"";""0"";""100"";""36"";""9"";""4"";""2016-10-07 08:41:35"";""1"";NULL;NULL;NULL;NULL",,,,,,,,,,,,,,,,,;;;;;;;;;;;;;;;
1626443;""1747"";""292"";NULL;""amazon.com"";""2012-08-06 00:00:00"";""Finding great software for AWS just got easier"";""76105"";""76105"";""6621"";NULL;NULL;NULL;NULL;""8.6998226"";""0"";""100"";""39"";""8"";""4.875"";""2016-10-07 08:41:35"";""1"";NULL;NULL;NULL;NULL",,,,,,,,,,,,,,,,,;;;;;;;;;;;;;;;
1626444;""1747"";""292"";NULL;""amazon.com"";""2012-08-05 00:00:00"";""Amazon Instant Video on iPad"";""76066"";""69448"";""23147"";NULL;NULL;NULL;NULL;""33.3299735"";""0"";""91.2996608"";""24"";""5"";""4.8"";""2016-10-07 08:41:35"";""1"";NULL;NULL;NULL;NULL",,,,,,,,,,,,,,,,,;;;;;;;;;;;;;;;
1626445;""1747"";""292"";NULL;""amazon.com"";""2012-08-14 00:00:00"";""Tess Gerritsen's New Book"";""76006"";""76006"";""9911"";NULL;NULL;NULL;NULL;""13.03976"";""0"";""100"";""22"";""4"";""5.5"";""2016-10-07 08:41:35"";""1"";NULL;NULL;NULL;NULL",,,,,,,,,,,,,,,,,;;;;;;;;;;;;;;;
1626446;""1747"";""292"";NULL;""amazon.com"";""2012-08-14 00:00:00"";""Half or More Off Paper-Wrap Manicures - Scottsdale"";""76006"";""76006"";""6613"";NULL;NULL;NULL;NULL;""8.7006288"";""0"";""100"";""43"";""8"";""5.375"";""2016-10-07 08:41:35"";""1"";NULL;NULL;NULL;NULL",,,,,,,,,,,,,,,,,;;;;;;;;;;;;;;;
1626447;""1747"";""292"";NULL;""amazon.com"";""2012-08-14 00:00:00"";""Best-Selling Android Phones"";""76006"";""69393"";""3303"";NULL;NULL;NULL;NULL;""4.759846"";""0"";""91.2993711"";""25"";""3"";""8.333333333"";""2016-10-07 08:41:35"";""1"";NULL;NULL;NULL;NULL",,,,,,,,,,,,,,,,,;;;;;;;;;;;;;;;
1626448;""1747"";""292"";NULL;""amazon.com"";""2012-08-14 00:00:00"";""61% Off Introductory Fencing Class - Utah County"";""76006"";""76006"";""3306"";NULL;NULL;NULL;NULL;""4.3496566"";""0"";""100"";""41"";""8"";""5.125"";""2016-10-07 08:41:35"";""1"";NULL;NULL;NULL;NULL",,,,,,,,,,,,,,,,,;;;;;;;;;;;;;;;
1626449;""1747"";""292"";NULL;""amazon.com"";""2012-07-30 00:00:00"";""Half Off Eyelash Extensions - Salt Lake City"";""75963"";""72659"";""6605"";NULL;NULL;NULL;NULL;""9.0904086"";""0"";""95.650514"";""37"";""8"";""4.625"";""2016-10-07 08:41:35"";""1"";NULL;NULL;NULL;NULL",,,,,,,,,,,,,,,,,;;;;;;;;;;;;;;;
1626450;""1747"";""292"";NULL;""amazon.com"";""2012-07-30 00:00:00"";""87% Off Massage and Chiropractic Treatment"";""75963"";""75963"";""6609"";NULL;NULL;NULL;NULL;""8.7002882"";""0"";""100"";""37"";""6"";""6.166666666"";""2016-10-07 08:41:35"";""1"";NULL;NULL;NULL;NULL",,,,,,,,,,,,,,,,,;;;;;;;;;;;;;;;
1626451;""1747"";""292"";NULL;""amazon.com"";""2012-08-07 00:00:00"";""Your Amazon.com Inquiry"";""75930"";""75930"";""33014"";NULL;NULL;NULL;NULL;""43.4795206"";""0"";""100"";""21"";""3"";""7"";""2016-10-07 08:41:35"";""1"";NULL;NULL;NULL;NULL",,,,,,,,,,,,,,,,,;;;;;;;;;;;;;;;
1626452;""1747"";""292"";NULL;""amazon.com"";""2012-08-07 00:00:00"";""New in Kids: Denim + Stripes"";""75930"";""75930"";""9901"";NULL;NULL;NULL;NULL;""13.0396417"";""0"";""100"";""23"";""6"";""3.833333333"";""2016-10-07 08:41:35"";""1"";NULL;NULL;NULL;NULL",,,,,,,,,,,,,,,,,;;;;;;;;;;;;;;;
1626453;""1747"";""292"";NULL;""amazon.com"";""2012-07-23 00:00:00"";""Congratulations! You Can Pay with Discover Cashback Bonus at Amazon.com"";""75905"";""75905"";""13200"";NULL;NULL;NULL;NULL;""17.3901587"";""0"";""100"";""62"";""10"";""6.2"";""2016-10-07 08:41:35"";""1"";NULL;NULL;NULL;NULL",,,,,,,,,,,,,,,,,;;;;;;;;;;;;;;;
1626454;""1747"";""292"";NULL;""amazon.com"";""2012-07-23 00:00:00"";""Half Off Indian Food - Bellevue/Eastside"";""75905"";""72603"";""3303"";NULL;NULL;NULL;NULL;""4.5493987"";""0"";""95.6498254"";""35"";""6"";""5.833333333"";""2016-10-07 08:41:35"";""1"";NULL;NULL;NULL;NULL",,,,,,,,,,,,,,,,,;;;;;;;;;;;;;;;
1626455;""1747"";""292"";NULL;""amazon.com"";""2012-07-02 00:00:00"";""82% or More Off Photography Workshops"";""75901"";""75901"";""6603"";NULL;NULL;NULL;NULL;""8.6994901"";""0"";""100"";""32"";""6"";""5.333333333"";""2016-10-07 08:41:35"";""1"";NULL;NULL;NULL;NULL",,,,,,,,,,,,,,,,,;;;;;;;;;;;;;;;
1626456;""1747"";""292"";NULL;""amazon.com"";""2012-07-02 00:00:00"";""Cosmopolitan Magazine | Cheese Please - SF Peninsula"";""75901"";""75901"";""3302"";NULL;NULL;NULL;NULL;""4.3504038"";""0"";""100"";""45"";""8"";""5.625"";""2016-10-07 08:41:35"";""1"";NULL;NULL;NULL;NULL",,,,,,,,,,,,,,,,,;;;;;;;;;;;;;;;
1626457;""1747"";""292"";NULL;""amazon.com"";""2012-08-04 00:00:00"";""We've Upgraded Your Music in Cloud Player"";""75819"";""75819"";""39555"";NULL;NULL;NULL;NULL;""52.1703003"";""0"";""100"";""35"";""7"";""5"";""2016-10-07 08:41:35"";""1"";NULL;NULL;NULL;NULL",,,,,,,,,,,,,,,,,;;;;;;;;;;;;;;;
1626458;""1747"";""292"";NULL;""amazon.com"";""2012-08-04 00:00:00"";""Welcome to Amazon Instant Video for iPad"";""75819"";""75819"";""29668"";NULL;NULL;NULL;NULL;""39.1300333"";""0"";""100"";""34"";""7"";""4.857142857"";""2016-10-07 08:41:35"";""1"";NULL;NULL;NULL;NULL",,,,,,,,,,,,,,,,,;;;;;;;;;;;;;;;
1626459;""1747"";""292"";NULL;""amazon.com"";""2012-08-19 00:00:00"";""Your Amazon.com Inquiry"";""75778"";""75778"";""36245"";NULL;NULL;NULL;NULL;""47.8305048"";""0"";""100"";""21"";""3"";""7"";""2016-10-07 08:41:35"";""1"";NULL;NULL;NULL;NULL",,,,,,,,,,,,,,,,,;;;;;;;;;;;;;;;
1626460;""1747"";""292"";NULL;""amazon.com"";""2012-08-15 00:00:00"";""Half Off Wine Tasting for Two - Scottsdale"";""75770"";""75770"";""6592"";NULL;NULL;NULL;NULL;""8.7000131"";""0"";""100"";""35"";""8"";""4.375"";""2016-10-07 08:41:35"";""1"";NULL;NULL;NULL;NULL",,,,,,,,,,,,,,,,,;;;;;;;;;;;;;;;
1626461;""1747"";""292"";NULL;""amazon.com"";""2012-08-15 00:00:00"";""65% or More Off Acupuncture - Utah County"";""75770"";""75770"";""3296"";NULL;NULL;NULL;NULL;""4.3500065"";""0"";""100"";""34"";""8"";""4.25"";""2016-10-07 08:41:35"";""1"";NULL;NULL;NULL;NULL",,,,,,,,,,,,,,,,,;;;;;;;;;;;;;;;
1626462;""1747"";""292"";NULL;""amazon.com"";""2012-08-20 00:00:00"";""Your Amazon.com Inquiry"";""75762"";""75762"";""39525"";NULL;NULL;NULL;NULL;""52.1699532"";""0"";""100"";""21"";""3"";""7"";""2016-10-07 08:41:35"";""1"";NULL;NULL;NULL;NULL",,,,,,,,,,,,,,,,,;;;;;;;;;;;;;;;
1626463;""1747"";""292"";NULL;""amazon.com"";""2012-08-20 00:00:00"";""67% Off """"The Pallisers: The Complete Collection"""""";""75762"";""75762"";""13175"";NULL;NULL;NULL;NULL;""17.3899844"";""0"";""100"";""42"";""7"";""6"";""2016-10-07 08:41:35"";""1"";NULL;NULL;NULL;NULL",,,,,,,,,,,,,,,,,;;;;;;;;;;;;;;;
1626464;""1747"";""292"";NULL;""amazon.com"";""2012-08-20 00:00:00"";""Omaha Steaks Griller Pack | On-Location Photo Shoot - Boston - Metrowest"";""75762"";""75762"";""6591"";NULL;NULL;NULL;NULL;""8.6996119"";""0"";""100"";""61"";""12"";""5.083333333"";""2016-10-07 08:41:35"";""1"";NULL;NULL;NULL;NULL",,,,,,,,,,,,,,,,,;;;;;;;;;;;;;;;
1626465;""1747"";""292"";NULL;""amazon.com"";""2012-07-31 00:00:00"";""80% Off Photography Package"";""75758"";""75758"";""6591"";NULL;NULL;NULL;NULL;""8.7000712"";""0"";""100"";""24"";""4"";""6"";""2016-10-07 08:41:35"";""1"";NULL;NULL;NULL;NULL",,,,,,,,,,,,,,,,,;;;;;;;;;;;;;;;
1626466;""1747"";""292"";NULL;""amazon.com"";""2012-07-31 00:00:00"";""75% Off One Month of Boot Camp"";""75758"";""75758"";""3295"";NULL;NULL;NULL;NULL;""4.3493756"";""0"";""100"";""24"";""7"";""3.428571428"";""2016-10-07 08:41:35"";""1"";NULL;NULL;NULL;NULL",,,,,,,,,,,,,,,,,;;;;;;;;;;;;;;;
1626467;""1747"";""292"";NULL;""amazon.com"";""2012-08-10 00:00:00"";""Over Half Off Ice Cream - Utah County"";""75758"";""75758"";""6591"";NULL;NULL;NULL;NULL;""8.7000712"";""0"";""100"";""30"";""8"";""3.75"";""2016-10-07 08:41:35"";""1"";NULL;NULL;NULL;NULL",,,,,,,,,,,,,,,,,;;;;;;;;;;;;;;;
1626468;""1747"";""292"";NULL;""amazon.com"";""2012-08-10 00:00:00"";""Half Off Food and Drink at Rhythm and Wine - Scottsdale"";""75758"";""75758"";""6591"";NULL;NULL;NULL;NULL;""8.7000712"";""0"";""100"";""45"";""11"";""4.09090909"";""2016-10-07 08:41:35"";""1"";NULL;NULL;NULL;NULL",,,,,,,,,,,,,,,,,;;;;;;;;;;;;;;;
1626469;""1747"";""292"";NULL;""amazon.com"";""2012-07-24 00:00:00"";""Custom Color Photobook | Hee Haw Farms & Corn Maze - Utah County"";""75754"";""75754"";""3295"";NULL;NULL;NULL;NULL;""4.3496053"";""0"";""100"";""52"";""13"";""4"";""2016-10-07 08:41:35"";""1"";NULL;NULL;NULL;NULL",,,,,,,,,,,,,,,,,;;;;;;;;;;;;;;;
1626470;""1747"";""292"";NULL;""amazon.com"";""2012-09-03 00:00:00"";""61% Off Hour-Long Session with Psychic - Albuquerque"";""75737"";""75737"";""13171"";NULL;NULL;NULL;NULL;""17.3904432"";""0"";""100"";""45"";""8"";""5.625"";""2016-10-07 08:41:35"";""1"";NULL;NULL;NULL;NULL",,,,,,,,,,,,,,,,,;;;;;;;;;;;;;;;
1626471;""1747"";""292"";NULL;""amazon.com"";""2012-08-16 00:00:00"";""10% Off """"Darksiders II"""""";""75719"";""69131"";""3291"";NULL;NULL;NULL;NULL;""4.7605271"";""0"";""91.2994096"";""20"";""4"";""5"";""2016-10-07 08:41:35"";""1"";NULL;NULL;NULL;NULL",,,,,,,,,,,,,,,,,;;;;;;;;;;;;;;;
1626472;""1747"";""292"";NULL;""amazon.com"";""2012-08-16 00:00:00"";""Half Off Hour-Long Massage - Scottsdale"";""75719"";""75719"";""3294"";NULL;NULL;NULL;NULL;""4.3502951"";""0"";""100"";""34"";""6"";""5.666666666"";""2016-10-07 08:41:35"";""1"";NULL;NULL;NULL;NULL",,,,,,,,,,,,,,,,,;;;;;;;;;;;;;;;
1626473;""1747"";""292"";NULL;""amazon.com"";""2012-08-16 00:00:00"";""67% Off Portrait Package - Utah County"";""75719"";""75719"";""3294"";NULL;NULL;NULL;NULL;""4.3502951"";""0"";""100"";""32"";""7"";""4.571428571"";""2016-10-07 08:41:35"";""1"";NULL;NULL;NULL;NULL",,,,,,,,,,,,,,,,,;;;;;;;;;;;;;;;
1626474;""1747"";""292"";NULL;""amazon.com"";""2012-08-09 00:00:00"";""Half or More Off Private Yoga Session or Massage"";""75714"";""75714"";""6587"";NULL;NULL;NULL;NULL;""8.6998441"";""0"";""100"";""40"";""9"";""4.444444444"";""2016-10-07 08:41:35"";""1"";NULL;NULL;NULL;NULL",,,,,,,,,,,,,,,,,;;;;;;;;;;;;;;;
1626475;""1747"";""292"";NULL;""amazon.com"";""2012-08-09 00:00:00"";""Half Off Children's Gym Classes"";""75714"";""75714"";""3294"";NULL;NULL;NULL;NULL;""4.3505824"";""0"";""100"";""27"";""5"";""5.4"";""2016-10-07 08:41:35"";""1"";NULL;NULL;NULL;NULL",,,,,,,,,,,,,,,,,;;;;;;;;;;;;;;;
1626476;""1747"";""292"";NULL;""amazon.com"";""2012-09-02 00:00:00"";""September's 100 Kindle Books"," $3.99 or Less"";""75706"";""75706"";""19752"";NULL;NULL;NULL;NULL;""26.0904023"";""0"";""100"";""37"";""7"";""5.285714285"";""2016-10-07 08:41:35"";""1"";NULL;NULL;NULL;NULL",,,,,,,,,,,,,,,,;;;;;;;;;;;;;;;
1626477;""1747"";""292"";NULL;""amazon.com"";""2012-08-17 00:00:00"";""$5 Men's Magazines"";""75695"";""72402"";""9876"";NULL;NULL;NULL;NULL;""13.6405071"";""0"";""95.6496466"";""16"";""3"";""5.333333333"";""2016-10-07 08:41:35"";""1"";NULL;NULL;NULL;NULL",,,,,,,,,,,,,,,,,;;;;;;;;;;;;;;;
1626478;""1747"";""292"";NULL;""amazon.com"";""2012-08-17 00:00:00"";""Half Off Acupuncture or Cupping - Scottsdale"";""75695"";""75695"";""3293"";NULL;NULL;NULL;NULL;""4.3503533"";""0"";""100"";""38"";""7"";""5.428571428"";""2016-10-07 08:41:35"";""1"";NULL;NULL;NULL;NULL",,,,,,,,,,,,,,,,,;;;;;;;;;;;;;;;
1626479;""1747"";""292"";NULL;""amazon.com"";""2012-08-27 00:00:00"";""$30 to Spend on Bicycle Products or Services - Arlington / Alexandria"";""75691"";""72398"";""9875"";NULL;NULL;NULL;NULL;""13.6398795"";""0"";""95.6494167"";""58"";""12"";""4.833333333"";""2016-10-07 08:41:35"";""1"";NULL;NULL;NULL;NULL",,,,,,,,,,,,,,,,,;;;;;;;;;;;;;;;
1626480;""1747"";""292"";NULL;""amazon.com"";""2012-08-26 00:00:00"";""Half Off Language Learning Program - Rochester"";""75671"";""75671"";""3292"";NULL;NULL;NULL;NULL;""4.3504116"";""0"";""100"";""40"";""7"";""5.714285714"";""2016-10-07 08:41:35"";""1"";NULL;NULL;NULL;NULL",,,,,,,,,,,,,,,,,;;;;;;;;;;;;;;;
1626481;""1747"";""292"";NULL;""amazon.com"";""2012-08-18 00:00:00"";""Additional $400 Off Adobe Photoshop CS6"";""75659"";""75659"";""16448"";NULL;NULL;NULL;NULL;""21.7396476"";""0"";""100"";""34"";""6"";""5.666666666"";""2016-10-07 08:41:35"";""1"";NULL;NULL;NULL;NULL",,,,,,,,,,,,,,,,,;;;;;;;;;;;;;;;
1626482;""1747"";""292"";NULL;""amazon.com"";""2012-08-03 00:00:00"";""$5 for Newsweek (Print + Kindle)"," Today Only"";""75614"";""72325"";""16439"";NULL;NULL;NULL;NULL;""22.7293466"";""0"";""95.6502764"";""37"";""8"";""4.625"";""2016-10-07 08:41:35"";""1"";NULL;NULL;NULL;NULL",,,,,,,,,,,,,,,,;;;;;;;;;;;;;;;
1626483;""1747"";""292"";NULL;""amazon.com"";""2012-08-03 00:00:00"";""$2 Scrapbook and Desktop Publishing Software from Amazon.com"";""75614"";""65754"";""9863"";NULL;NULL;NULL;NULL;""14.9998479"";""0"";""86.9600867"";""53"";""8"";""6.625"";""2016-10-07 08:41:35"";""1"";NULL;NULL;NULL;NULL",,,,,,,,,,,,,,,,,;;;;;;;;;;;;;;;
1626484;""1747"";""292"";NULL;""amazon.com"";""2012-08-03 00:00:00"";""68% Off Ten Yoga Classes"";""75614"";""75614"";""6578"";NULL;NULL;NULL;NULL;""8.6994471"";""0"";""100"";""20"";""5"";""4"";""2016-10-07 08:41:35"";""1"";NULL;NULL;NULL;NULL",,,,,,,,,,,,,,,,,;;;;;;;;;;;;;;;
1626485;""1747"";""292"";NULL;""amazon.com"";""2012-09-04 00:00:00"";""Half or More Off Paddleboard Activities - Albuquerque"";""75585"";""75585"";""9856"";NULL;NULL;NULL;NULL;""13.0396242"";""0"";""100"";""46"";""8"";""5.75"";""2016-10-07 08:41:35"";""1"";NULL;NULL;NULL;NULL",,,,,,,,,,,,,,,,,;;;;;;;;;;;;;;;
1626486;""1747"";""292"";NULL;""amazon.com"";""2012-09-04 00:00:00"";""80% Off Wellness Class with CrossFit - Tucson"";""75585"";""75585"";""9856"";NULL;NULL;NULL;NULL;""13.0396242"";""0"";""100"";""38"";""8"";""4.75"";""2016-10-07 08:41:35"";""1"";NULL;NULL;NULL;NULL",,,,,,,,,,,,,,,,,;;;;;;;;;;;;;;;
1626487;""1747"";""292"";NULL;""amazon.com"";""2012-07-09 00:00:00"";""Congratulations! You Can Pay with Discover Cashback Bonus at Amazon.com"";""75580"";""55861"";""3285"";NULL;NULL;NULL;NULL;""5.880668"";""0"";""73.9097644"";""62"";""10"";""6.2"";""2016-10-07 08:41:35"";""1"";NULL;NULL;NULL;NULL",,,,,,,,,,,,,,,,,;;;;;;;;;;;;;;;
1626488;""1747"";""292"";NULL;""amazon.com"";""2012-08-21 00:00:00"";""Review your recent purchases at Amazon.com"";""75570"";""75570"";""16429"";NULL;NULL;NULL;NULL;""21.7401085"";""0"";""100"";""37"";""6"";""6.166666666"";""2016-10-07 08:41:35"";""1"";NULL;NULL;NULL;NULL",,,,,,,,,,,,,,,,,;;;;;;;;;;;;;;;
1626489;""1747"";""292"";NULL;""amazon.com"";""2012-08-21 00:00:00"";""62% Off Two Hours of Pool and Food - Buffalo"";""75570"";""72283"";""3289"";NULL;NULL;NULL;NULL;""4.5501708"";""0"";""95.6503903"";""35"";""10"";""3.5"";""2016-10-07 08:41:35"";""1"";NULL;NULL;NULL;NULL",,,,,,,,,,,,,,,,,;;;;;;;;;;;;;;;
1626490;""1747"";""292"";NULL;""amazon.com"";""2012-07-25 00:00:00"";""Yoga Classes | 1-800-Flowers - Atlanta"";""75536"";""75536"";""6572"";NULL;NULL;NULL;NULL;""8.7004871"";""0"";""100"";""33"";""6"";""5.5"";""2016-10-07 08:41:35"";""1"";NULL;NULL;NULL;NULL",,,,,,,,,,,,,,,,,;;;;;;;;;;;;;;;
1626491;""1747"";""292"";NULL;""amazon.com"";""2012-08-28 00:00:00"";""""""The Lucky One"""" on DVD and Blu-ray"";""75510"";""75510"";""9847"";NULL;NULL;NULL;NULL;""13.0406568"";""0"";""100"";""28"";""7"";""4"";""2016-10-07 08:41:35"";""1"";NULL;NULL;NULL;NULL",,,,,,,,,,,,,,,,,;;;;;;;;;;;;;;;
1626492;""1747"";""292"";NULL;""amazon.com"";""2012-08-28 00:00:00"";""Best-Selling Android Phones"";""75510"";""75510"";""6569"";NULL;NULL;NULL;NULL;""8.6995099"";""0"";""100"";""25"";""3"";""8.333333333"";""2016-10-07 08:41:35"";""1"";NULL;NULL;NULL;NULL",,,,,,,,,,,,,,,,,;;;;;;;;;;;;;;;
1626493;""1747"";""292"";NULL;""amazon.com"";""2012-08-28 00:00:00"";""69% or More Off Teeth Whitening - Arlington / Alexandria"";""75510"";""72225"";""3286"";NULL;NULL;NULL;NULL;""4.5496711"";""0"";""95.6495828"";""47"";""10"";""4.7"";""2016-10-07 08:41:35"";""1"";NULL;NULL;NULL;NULL",,,,,,,,,,,,,,,,,;;;;;;;;;;;;;;;
1626494;""1747"";""292"";NULL;""amazon.com"";""2012-08-28 00:00:00"";""Half Off Tanning - Jacksonville Beaches"";""75510"";""75510"";""3285"";NULL;NULL;NULL;NULL;""4.3504171"";""0"";""100"";""34"";""6"";""5.666666666"";""2016-10-07 08:41:35"";""1"";NULL;NULL;NULL;NULL",,,,,,,,,,,,,,,,,;;;;;;;;;;;;;;;
1626495;""1747"";""292"";NULL;""amazon.com"";""2012-07-26 00:00:00"";""Deep Discounts on Used and Open-Box Items"";""75504"";""75504"";""29545"";NULL;NULL;NULL;NULL;""39.1303771"";""0"";""100"";""35"";""7"";""5"";""2016-10-07 08:41:35"";""1"";NULL;NULL;NULL;NULL",,,,,,,,,,,,,,,,,;;;;;;;;;;;;;;;
1626496;""1747"";""292"";NULL;""amazon.com"";""2012-07-26 00:00:00"";""Half Off Kayak or Raft Adventure Tour"";""75504"";""75504"";""6569"";NULL;NULL;NULL;NULL;""8.7002013"";""0"";""100"";""31"";""7"";""4.428571428"";""2016-10-07 08:41:35"";""1"";NULL;NULL;NULL;NULL",,,,,,,,,,,,,,,,,;;;;;;;;;;;;;;;
1626497;""1747"";""292"";NULL;""amazon.com"";""2012-07-26 00:00:00"";""Pilates Reformer Sessions | Two-Night Stay in Las Vegas - Walnut Creek / Contra Costa"";""75504"";""72220"";""3286"";NULL;NULL;NULL;NULL;""4.5499861"";""0"";""95.6505615"";""71"";""15"";""4.733333333"";""2016-10-07 08:41:35"";""1"";NULL;NULL;NULL;NULL",,,,,,,,,,,,,,,,,;;;;;;;;;;;;;;;
1626498;""1747"";""292"";NULL;""amazon.com"";""2012-09-09 00:00:00"";""Invicta Watches Weekly Deal"";""75503"";""75503"";""39390"";NULL;NULL;NULL;NULL;""52.1701124"";""0"";""100"";""24"";""4"";""6"";""2016-10-07 08:41:35"";""1"";NULL;NULL;NULL;NULL",,,,,,,,,,,,,,,,,;;;;;;;;;;;;;;;
1626499;""1747"";""292"";NULL;""amazon.com"";""2012-09-01 00:00:00"";""Your Amazon Payments Monthly Statement"";""75497"";""75497"";""36110"";NULL;NULL;NULL;NULL;""47.829715"";""0"";""100"";""34"";""5"";""6.8"";""2016-10-07 08:41:35"";""1"";NULL;NULL;NULL;NULL",,,,,,,,,,,,,,,,,;;;;;;;;;;;;;;;
1626500;""1747"";""292"";NULL;""amazon.com"";""2012-09-01 00:00:00"";""One-Year Subscription to Rolling Stone - Albuquerque"";""75497"";""75497"";""13129"";NULL;NULL;NULL;NULL;""17.3900949"";""0"";""100"";""46"";""7"";""6.571428571"";""2016-10-07 08:41:35"";""1"";NULL;NULL;NULL;NULL",,,,,,,,,,,,,,,,,;;;;;;;;;;;;;;;